<?xml version="1.0" encoding="UTF-8"?>
<metadata xml:lang="en"><Esri><CreaDate>20230608</CreaDate><CreaTime>19020700</CreaTime><ArcGISFormat>1.0</ArcGISFormat><SyncOnce>TRUE</SyncOnce><DataProperties><lineage><Process ToolSource="c:\program files\arcgis\pro\Resources\ArcToolbox\toolboxes\Data Management Tools.tbx\JoinField" Date="20230608" Time="190207">JoinField property name owned_property.csv name OBJECTID_1;'Property Name';'Alternate Name';Status;'Protection Type';'Easement Template';Archaeological;Cultural;Natural;'Date Executed';'Date Registered';'Registration Number';'Street Number';'Street Name';'Postal Code';Community;'Municipality (Lower Tier)';'Region, County or District (Upper Tier Municipality)';'Tourism Region';'Number of Structures';'Trust Plaque';'Trust Plaque Name';'Historic Function Category';'Historic Function Type';'Current Function Category';'Current Function Type';'Ownership Type';'National Historic Site';'OHA Designation';'Designation Bylaw';'Municipal Designation Part IV';'Designation Bylaw (Part IV)';'Municipal Designation Part V';'Designation Bylaw (Part V)';'Municipal Easement Agreement';'Easement Marker Presented';'Easement Marker Errected';'INS# Certificate Expiration Date';'Last Staff/Person in Attendance';'Last Monitoring Report';'Property Photo';'Staff Responsible';Field3;'Area in Acres';'Area in Hectares';Attachment1;Attachment2;Attachment3;'Publicly Accessible';PIN;'Legal Description';R-Plan;'LRO Number';ARN;'Baseline Format';'Baseline Date';'Stewardship Plan';'Stewardship Plan Date';'Date of Construction';Architect;Builder;'NEP Designation';NEPOSS;'Bruce Trail';'Non-BTC Authorized Trails';'Total Trail in Km';GlobalID "Select transfer fields" #</Process><Process ToolSource="c:\program files\arcgis\pro\Resources\ArcToolbox\toolboxes\Data Management Tools.tbx\DeleteField" Date="20230608" Time="190348">DeleteField property name;folders;descriptio;altitude;alt_mode;time_begin;time_end;time_when "Delete Fields"</Process><Process ToolSource="c:\program files\arcgis\pro\Resources\ArcToolbox\toolboxes\Data Management Tools.tbx\AddFields" Date="20230608" Time="190824">AddFields property "Long DOUBLE # # # #;Lat DOUBLE # # # #" #</Process><Process ToolSource="c:\program files\arcgis\pro\Resources\ArcToolbox\toolboxes\Data Management Tools.tbx\CalculateGeometryAttributes" Date="20230608" Time="190824">CalculateGeometryAttributes property "Long CENTROID_X;Lat CENTROID_Y" # # GEOGCS["GCS_WGS_1984",DATUM["D_WGS_1984",SPHEROID["WGS_1984",6378137.0,298.257223563]],PRIMEM["Greenwich",0.0],UNIT["Degree",0.0174532925199433]] "Same as input"</Process><Process ToolSource="c:\program files\arcgis\pro\Resources\ArcToolbox\toolboxes\Data Management Tools.tbx\CalculateField" Date="20230608" Time="191650">CalculateField property Lat ""http://maps.google.com/maps?q=&amp;layer=c&amp;cbll=" + str(!Lat!) + "," + str(!Long!)" "Python 3" # Text NO_ENFORCE_DOMAINS</Process><Process ToolSource="c:\program files\arcgis\pro\Resources\ArcToolbox\toolboxes\Data Management Tools.tbx\CalculateField" Date="20230608" Time="191855">CalculateField property Google ""http://maps.google.com/maps?q=&amp;layer=c&amp;cbll=" + str(!Lat!) + "," + str(!Long!)" "Python 3" # Text NO_ENFORCE_DOMAINS</Process><Process ToolSource="c:\program files\arcgis\pro\Resources\ArcToolbox\toolboxes\Data Management Tools.tbx\AddFields" Date="20230608" Time="192755">AddFields property "z DOUBLE # # # #" #</Process><Process ToolSource="c:\program files\arcgis\pro\Resources\ArcToolbox\toolboxes\Data Management Tools.tbx\CalculateGeometryAttributes" Date="20230608" Time="192755">CalculateGeometryAttributes property "z CENTROID_Z" # # GEOGCS["GCS_WGS_1984",DATUM["D_WGS_1984",SPHEROID["WGS_1984",6378137.0,298.257223563]],PRIMEM["Greenwich",0.0],UNIT["Degree",0.0174532925199433]],VERTCS["EGM96_Geoid",VDATUM["EGM96_Geoid"],PARAMETER["Vertical_Shift",0.0],PARAMETER["Direction",1.0],UNIT["Meter",1.0]] "Same as input"</Process><Process ToolSource="c:\program files\arcgis\pro\Resources\ArcToolbox\toolboxes\Data Management Tools.tbx\CalculateField" Date="20230608" Time="194007">CalculateField property Google ""https://www.google.com/maps/search/?api=1&amp;query=" + str(!Lat!) + "," + str(!Long!)" "Python 3" # Text NO_ENFORCE_DOMAINS</Process><Process ToolSource="c:\program files\arcgis\pro\Resources\ArcToolbox\toolboxes\Data Management Tools.tbx\CalculateField" Date="20230608" Time="194045">CalculateField property Google ""https://www.google.com/maps/search/?api=1&amp;query=" + str(!Lat!) + "," + str(!Long!)" "Python 3" # Text NO_ENFORCE_DOMAINS</Process><Process ToolSource="c:\program files\arcgis\pro\Resources\ArcToolbox\toolboxes\Data Management Tools.tbx\CalculateField" Date="20230608" Time="194129">CalculateField property Google ""https://www.google.com/maps/search/?api=1&amp;query=" + str(!Lat!) + "," + str(!Long!)" "Python 3" # Text NO_ENFORCE_DOMAINS</Process><Process ToolSource="c:\program files\arcgis\pro\Resources\ArcToolbox\toolboxes\Data Management Tools.tbx\DeleteField" Date="20230608" Time="194207">DeleteField property Google;z "Delete Fields"</Process><Process ToolSource="c:\program files\arcgis\pro\Resources\ArcToolbox\toolboxes\Data Management Tools.tbx\CalculateField" Date="20230608" Time="194220">CalculateField property Google ""https://www.google.com/maps/search/?api=1&amp;query=" + str(!Lat!) + "," + str(!Long!)" "Python 3" # Text NO_ENFORCE_DOMAINS</Process><Process ToolSource="c:\program files\arcgis\pro\Resources\ArcToolbox\toolboxes\Data Management Tools.tbx\CalculateField" Date="20230608" Time="194519">CalculateField property Google ""https://www.google.com/maps/search/?api=1&amp;query=" + str(!Lat!) + "%2C" + str(!Long!)" "Python 3" # Text NO_ENFORCE_DOMAINS</Process><Process ToolSource="c:\program files\arcgis\pro\Resources\ArcToolbox\toolboxes\Data Management Tools.tbx\CalculateField" Date="20230608" Time="194846">CalculateField property Google ""https://www.google.com/maps/search/?api=1&amp;query=" + str(!Lat!) + "," + str(!Long!)" "Python 3" # Text NO_ENFORCE_DOMAINS</Process><Process ToolSource="c:\program files\arcgis\pro\Resources\ArcToolbox\toolboxes\Data Management Tools.tbx\DeleteField" Date="20230608" Time="194907">DeleteField property Google "Delete Fields"</Process><Process ToolSource="c:\program files\arcgis\pro\Resources\ArcToolbox\toolboxes\Data Management Tools.tbx\CalculateField" Date="20230608" Time="195304">CalculateField property Google ""https://www.google.com/maps/@?api=1&amp;map_action=pano&amp;viewpoint=" + str(!Lat!) + "%2C" + str(!Long!)" "Python 3" # Text NO_ENFORCE_DOMAINS</Process><Process ToolSource="c:\program files\arcgis\pro\Resources\ArcToolbox\toolboxes\Data Management Tools.tbx\CalculateField" Date="20230608" Time="195353">CalculateField property Google ""https://www.google.com/maps/@?api=1&amp;map_action=pano&amp;viewpoint=" + str(!Lat!) + "%2C" + str(!Long!)" "Python 3" # Text NO_ENFORCE_DOMAINS</Process><Process ToolSource="c:\program files\arcgis\pro\Resources\ArcToolbox\toolboxes\Data Management Tools.tbx\CalculateField" Date="20230608" Time="195529">CalculateField property Google ""https://www.google.com/maps/search/?api=1&amp;query=" + str(!Lat!) + "%2C" + str(!Long!)" "Python 3" # Text NO_ENFORCE_DOMAINS</Process><Process ToolSource="c:\program files\arcgis\pro\Resources\ArcToolbox\toolboxes\Data Management Tools.tbx\CalculateField" Date="20230608" Time="195619">CalculateField property Google ""https://www.google.com/maps/search/?api=1&amp;query=" + str(!Lat!) + "%2C" + str(!Long!)" "Python 3" # Text NO_ENFORCE_DOMAINS</Process><Process ToolSource="c:\program files\arcgis\pro\Resources\ArcToolbox\toolboxes\Data Management Tools.tbx\UpdateSchema" Date="20230608" Time="200010">UpdateSchema "CIMDATA=&lt;CIMStandardDataConnection xsi:type='typens:CIMStandardDataConnection' xmlns:xsi='http://www.w3.org/2001/XMLSchema-instance' xmlns:xs='http://www.w3.org/2001/XMLSchema' xmlns:typens='http://www.esri.com/schemas/ArcGIS/3.1.0'&gt;&lt;WorkspaceConnectionString&gt;DATABASE=C:\Users\stanl\OneDrive - The University of Western Ontario\OHT\property&lt;/WorkspaceConnectionString&gt;&lt;WorkspaceFactory&gt;Shapefile&lt;/WorkspaceFactory&gt;&lt;Dataset&gt;property.shp&lt;/Dataset&gt;&lt;DatasetType&gt;esriDTFeatureClass&lt;/DatasetType&gt;&lt;/CIMStandardDataConnection&gt;" &lt;operationSequence&gt;&lt;workflow&gt;&lt;AddField&gt;&lt;field_name&gt;OHT_URL&lt;/field_name&gt;&lt;field_type&gt;TEXT&lt;/field_type&gt;&lt;field_length&gt;255&lt;/field_length&gt;&lt;field_is_nullable&gt;False&lt;/field_is_nullable&gt;&lt;field_is_required&gt;False&lt;/field_is_required&gt;&lt;/AddField&gt;&lt;/workflow&gt;&lt;/operationSequence&gt;</Process></lineage></DataProperties></Esri></metadata>
